,lat,lon,count
0,25.396388833333333,-122.5675,0.0
1,25.396388833333333,-120.7025,0.0
2,25.396388833333333,-118.8375,0.0
3,25.396388833333333,-116.9725,0.0
4,25.396388833333333,-115.1075,0.0
5,25.396388833333333,-113.2425,0.0
6,25.396388833333333,-111.3775,0.0
7,25.396388833333333,-109.51249999999999,0.0
8,25.396388833333333,-107.64750000000001,0.0
9,25.396388833333333,-105.7825,1.0
10,25.396388833333333,-103.91749999999999,2.0
11,25.396388833333333,-102.05250000000001,0.0
12,25.396388833333333,-100.1875,1.0
13,25.396388833333333,-98.32249999999999,0.0
14,25.396388833333333,-96.45750000000001,1.0
15,25.396388833333333,-94.5925,0.0
16,25.396388833333333,-92.72749999999999,0.0
17,25.396388833333333,-90.86250000000001,0.0
18,25.396388833333333,-88.9975,0.0
19,25.396388833333333,-87.1325,0.0
20,25.396388833333333,-85.26750000000001,0.0
21,25.396388833333333,-83.4025,0.0
22,25.396388833333333,-81.5375,0.0
23,25.396388833333333,-79.6725,0.0
24,25.396388833333333,-77.8075,0.0
25,25.396388833333333,-75.9425,0.0
26,25.396388833333333,-74.0775,0.0
27,25.396388833333333,-72.2125,0.0
28,25.396388833333333,-70.3475,0.0
29,25.396388833333333,-68.48249999999999,0.0
30,26.1891665,-122.5675,0.0
31,26.1891665,-120.7025,0.0
32,26.1891665,-118.8375,0.0
33,26.1891665,-116.9725,0.0
34,26.1891665,-115.1075,0.0
35,26.1891665,-113.2425,0.0
36,26.1891665,-111.3775,1.0
37,26.1891665,-109.51249999999999,0.0
38,26.1891665,-107.64750000000001,2.0
39,26.1891665,-105.7825,1.0
40,26.1891665,-103.91749999999999,1.0
41,26.1891665,-102.05250000000001,0.0
42,26.1891665,-100.1875,1.0
43,26.1891665,-98.32249999999999,1.0
44,26.1891665,-96.45750000000001,0.0
45,26.1891665,-94.5925,0.0
46,26.1891665,-92.72749999999999,0.0
47,26.1891665,-90.86250000000001,0.0
48,26.1891665,-88.9975,0.0
49,26.1891665,-87.1325,0.0
50,26.1891665,-85.26750000000001,0.0
51,26.1891665,-83.4025,0.0
52,26.1891665,-81.5375,1.0
53,26.1891665,-79.6725,0.0
54,26.1891665,-77.8075,0.0
55,26.1891665,-75.9425,0.0
56,26.1891665,-74.0775,0.0
57,26.1891665,-72.2125,0.0
58,26.1891665,-70.3475,0.0
59,26.1891665,-68.48249999999999,0.0
60,26.981944166666665,-122.5675,0.0
61,26.981944166666665,-120.7025,0.0
62,26.981944166666665,-118.8375,0.0
63,26.981944166666665,-116.9725,0.0
64,26.981944166666665,-115.1075,0.0
65,26.981944166666665,-113.2425,1.0
66,26.981944166666665,-111.3775,0.0
67,26.981944166666665,-109.51249999999999,0.0
68,26.981944166666665,-107.64750000000001,0.0
69,26.981944166666665,-105.7825,11.0
70,26.981944166666665,-103.91749999999999,2.0
71,26.981944166666665,-102.05250000000001,0.0
72,26.981944166666665,-100.1875,0.0
73,26.981944166666665,-98.32249999999999,1.0
74,26.981944166666665,-96.45750000000001,0.0
75,26.981944166666665,-94.5925,0.0
76,26.981944166666665,-92.72749999999999,0.0
77,26.981944166666665,-90.86250000000001,0.0
78,26.981944166666665,-88.9975,0.0
79,26.981944166666665,-87.1325,0.0
80,26.981944166666665,-85.26750000000001,0.0
81,26.981944166666665,-83.4025,0.0
82,26.981944166666665,-81.5375,1.0
83,26.981944166666665,-79.6725,0.0
84,26.981944166666665,-77.8075,0.0
85,26.981944166666665,-75.9425,0.0
86,26.981944166666665,-74.0775,0.0
87,26.981944166666665,-72.2125,0.0
88,26.981944166666665,-70.3475,0.0
89,26.981944166666665,-68.48249999999999,0.0
90,27.77472183333333,-122.5675,0.0
91,27.77472183333333,-120.7025,0.0
92,27.77472183333333,-118.8375,0.0
93,27.77472183333333,-116.9725,0.0
94,27.77472183333333,-115.1075,0.0
95,27.77472183333333,-113.2425,0.0
96,27.77472183333333,-111.3775,0.0
97,27.77472183333333,-109.51249999999999,0.0
98,27.77472183333333,-107.64750000000001,2.0
99,27.77472183333333,-105.7825,0.0
100,27.77472183333333,-103.91749999999999,0.0
101,27.77472183333333,-102.05250000000001,1.0
102,27.77472183333333,-100.1875,1.0
103,27.77472183333333,-98.32249999999999,0.0
104,27.77472183333333,-96.45750000000001,0.0
105,27.77472183333333,-94.5925,0.0
106,27.77472183333333,-92.72749999999999,0.0
107,27.77472183333333,-90.86250000000001,0.0
108,27.77472183333333,-88.9975,0.0
109,27.77472183333333,-87.1325,0.0
110,27.77472183333333,-85.26750000000001,0.0
111,27.77472183333333,-83.4025,0.0
112,27.77472183333333,-81.5375,0.0
113,27.77472183333333,-79.6725,0.0
114,27.77472183333333,-77.8075,0.0
115,27.77472183333333,-75.9425,0.0
116,27.77472183333333,-74.0775,0.0
117,27.77472183333333,-72.2125,0.0
118,27.77472183333333,-70.3475,0.0
119,27.77472183333333,-68.48249999999999,0.0
120,28.5674995,-122.5675,0.0
121,28.5674995,-120.7025,0.0
122,28.5674995,-118.8375,0.0
123,28.5674995,-116.9725,0.0
124,28.5674995,-115.1075,0.0
125,28.5674995,-113.2425,0.0
126,28.5674995,-111.3775,0.0
127,28.5674995,-109.51249999999999,0.0
128,28.5674995,-107.64750000000001,1.0
129,28.5674995,-105.7825,4.0
130,28.5674995,-103.91749999999999,0.0
131,28.5674995,-102.05250000000001,1.0
132,28.5674995,-100.1875,0.0
133,28.5674995,-98.32249999999999,4.0
134,28.5674995,-96.45750000000001,0.0
135,28.5674995,-94.5925,0.0
136,28.5674995,-92.72749999999999,0.0
137,28.5674995,-90.86250000000001,0.0
138,28.5674995,-88.9975,0.0
139,28.5674995,-87.1325,0.0
140,28.5674995,-85.26750000000001,0.0
141,28.5674995,-83.4025,0.0
142,28.5674995,-81.5375,2.0
143,28.5674995,-79.6725,0.0
144,28.5674995,-77.8075,0.0
145,28.5674995,-75.9425,0.0
146,28.5674995,-74.0775,0.0
147,28.5674995,-72.2125,0.0
148,28.5674995,-70.3475,0.0
149,28.5674995,-68.48249999999999,0.0
150,29.360277166666666,-122.5675,0.0
151,29.360277166666666,-120.7025,0.0
152,29.360277166666666,-118.8375,0.0
153,29.360277166666666,-116.9725,0.0
154,29.360277166666666,-115.1075,0.0
155,29.360277166666666,-113.2425,0.0
156,29.360277166666666,-111.3775,1.0
157,29.360277166666666,-109.51249999999999,0.0
158,29.360277166666666,-107.64750000000001,0.0
159,29.360277166666666,-105.7825,1.0
160,29.360277166666666,-103.91749999999999,2.0
161,29.360277166666666,-102.05250000000001,1.0
162,29.360277166666666,-100.1875,3.0
163,29.360277166666666,-98.32249999999999,7.0
164,29.360277166666666,-96.45750000000001,2.0
165,29.360277166666666,-94.5925,0.0
166,29.360277166666666,-92.72749999999999,0.0
167,29.360277166666666,-90.86250000000001,0.0
168,29.360277166666666,-88.9975,0.0
169,29.360277166666666,-87.1325,0.0
170,29.360277166666666,-85.26750000000001,0.0
171,29.360277166666666,-83.4025,0.0
172,29.360277166666666,-81.5375,0.0
173,29.360277166666666,-79.6725,0.0
174,29.360277166666666,-77.8075,0.0
175,29.360277166666666,-75.9425,0.0
176,29.360277166666666,-74.0775,0.0
177,29.360277166666666,-72.2125,0.0
178,29.360277166666666,-70.3475,0.0
179,29.360277166666666,-68.48249999999999,0.0
180,30.153054833333332,-122.5675,0.0
181,30.153054833333332,-120.7025,0.0
182,30.153054833333332,-118.8375,0.0
183,30.153054833333332,-116.9725,0.0
184,30.153054833333332,-115.1075,0.0
185,30.153054833333332,-113.2425,1.0
186,30.153054833333332,-111.3775,1.0
187,30.153054833333332,-109.51249999999999,3.0
188,30.153054833333332,-107.64750000000001,2.0
189,30.153054833333332,-105.7825,0.0
190,30.153054833333332,-103.91749999999999,1.0
191,30.153054833333332,-102.05250000000001,1.0
192,30.153054833333332,-100.1875,4.0
193,30.153054833333332,-98.32249999999999,5.0
194,30.153054833333332,-96.45750000000001,5.0
195,30.153054833333332,-94.5925,0.0
196,30.153054833333332,-92.72749999999999,0.0
197,30.153054833333332,-90.86250000000001,2.0
198,30.153054833333332,-88.9975,0.0
199,30.153054833333332,-87.1325,0.0
200,30.153054833333332,-85.26750000000001,1.0
201,30.153054833333332,-83.4025,0.0
202,30.153054833333332,-81.5375,0.0
203,30.153054833333332,-79.6725,0.0
204,30.153054833333332,-77.8075,0.0
205,30.153054833333332,-75.9425,0.0
206,30.153054833333332,-74.0775,0.0
207,30.153054833333332,-72.2125,0.0
208,30.153054833333332,-70.3475,0.0
209,30.153054833333332,-68.48249999999999,0.0
210,30.9458325,-122.5675,0.0
211,30.9458325,-120.7025,0.0
212,30.9458325,-118.8375,0.0
213,30.9458325,-116.9725,0.0
214,30.9458325,-115.1075,0.0
215,30.9458325,-113.2425,0.0
216,30.9458325,-111.3775,0.0
217,30.9458325,-109.51249999999999,0.0
218,30.9458325,-107.64750000000001,0.0
219,30.9458325,-105.7825,1.0
220,30.9458325,-103.91749999999999,3.0
221,30.9458325,-102.05250000000001,1.0
222,30.9458325,-100.1875,2.0
223,30.9458325,-98.32249999999999,8.0
224,30.9458325,-96.45750000000001,4.0
225,30.9458325,-94.5925,0.0
226,30.9458325,-92.72749999999999,0.0
227,30.9458325,-90.86250000000001,0.0
228,30.9458325,-88.9975,0.0
229,30.9458325,-87.1325,0.0
230,30.9458325,-85.26750000000001,0.0
231,30.9458325,-83.4025,0.0
232,30.9458325,-81.5375,1.0
233,30.9458325,-79.6725,0.0
234,30.9458325,-77.8075,0.0
235,30.9458325,-75.9425,0.0
236,30.9458325,-74.0775,0.0
237,30.9458325,-72.2125,0.0
238,30.9458325,-70.3475,0.0
239,30.9458325,-68.48249999999999,0.0
240,31.738610166666668,-122.5675,0.0
241,31.738610166666668,-120.7025,0.0
242,31.738610166666668,-118.8375,0.0
243,31.738610166666668,-116.9725,0.0
244,31.738610166666668,-115.1075,0.0
245,31.738610166666668,-113.2425,0.0
246,31.738610166666668,-111.3775,7.0
247,31.738610166666668,-109.51249999999999,6.0
248,31.738610166666668,-107.64750000000001,1.0
249,31.738610166666668,-105.7825,5.0
250,31.738610166666668,-103.91749999999999,3.0
251,31.738610166666668,-102.05250000000001,6.0
252,31.738610166666668,-100.1875,7.0
253,31.738610166666668,-98.32249999999999,9.0
254,31.738610166666668,-96.45750000000001,4.0
255,31.738610166666668,-94.5925,1.0
256,31.738610166666668,-92.72749999999999,1.0
257,31.738610166666668,-90.86250000000001,0.0
258,31.738610166666668,-88.9975,0.0
259,31.738610166666668,-87.1325,1.0
260,31.738610166666668,-85.26750000000001,2.0
261,31.738610166666668,-83.4025,2.0
262,31.738610166666668,-81.5375,1.0
263,31.738610166666668,-79.6725,0.0
264,31.738610166666668,-77.8075,0.0
265,31.738610166666668,-75.9425,0.0
266,31.738610166666668,-74.0775,0.0
267,31.738610166666668,-72.2125,0.0
268,31.738610166666668,-70.3475,0.0
269,31.738610166666668,-68.48249999999999,0.0
270,32.53138783333333,-122.5675,0.0
271,32.53138783333333,-120.7025,0.0
272,32.53138783333333,-118.8375,0.0
273,32.53138783333333,-116.9725,1.0
274,32.53138783333333,-115.1075,4.0
275,32.53138783333333,-113.2425,2.0
276,32.53138783333333,-111.3775,10.0
277,32.53138783333333,-109.51249999999999,5.0
278,32.53138783333333,-107.64750000000001,2.0
279,32.53138783333333,-105.7825,3.0
280,32.53138783333333,-103.91749999999999,5.0
281,32.53138783333333,-102.05250000000001,28.0
282,32.53138783333333,-100.1875,6.0
283,32.53138783333333,-98.32249999999999,3.0
284,32.53138783333333,-96.45750000000001,4.0
285,32.53138783333333,-94.5925,2.0
286,32.53138783333333,-92.72749999999999,0.0
287,32.53138783333333,-90.86250000000001,0.0
288,32.53138783333333,-88.9975,2.0
289,32.53138783333333,-87.1325,2.0
290,32.53138783333333,-85.26750000000001,2.0
291,32.53138783333333,-83.4025,1.0
292,32.53138783333333,-81.5375,3.0
293,32.53138783333333,-79.6725,0.0
294,32.53138783333333,-77.8075,0.0
295,32.53138783333333,-75.9425,0.0
296,32.53138783333333,-74.0775,0.0
297,32.53138783333333,-72.2125,0.0
298,32.53138783333333,-70.3475,0.0
299,32.53138783333333,-68.48249999999999,0.0
300,33.3241655,-122.5675,0.0
301,33.3241655,-120.7025,0.0
302,33.3241655,-118.8375,0.0
303,33.3241655,-116.9725,2.0
304,33.3241655,-115.1075,6.0
305,33.3241655,-113.2425,4.0
306,33.3241655,-111.3775,5.0
307,33.3241655,-109.51249999999999,0.0
308,33.3241655,-107.64750000000001,2.0
309,33.3241655,-105.7825,5.0
310,33.3241655,-103.91749999999999,13.0
311,33.3241655,-102.05250000000001,43.0
312,33.3241655,-100.1875,4.0
313,33.3241655,-98.32249999999999,2.0
314,33.3241655,-96.45750000000001,5.0
315,33.3241655,-94.5925,2.0
316,33.3241655,-92.72749999999999,1.0
317,33.3241655,-90.86250000000001,0.0
318,33.3241655,-88.9975,1.0
319,33.3241655,-87.1325,1.0
320,33.3241655,-85.26750000000001,1.0
321,33.3241655,-83.4025,5.0
322,33.3241655,-81.5375,1.0
323,33.3241655,-79.6725,0.0
324,33.3241655,-77.8075,0.0
325,33.3241655,-75.9425,0.0
326,33.3241655,-74.0775,0.0
327,33.3241655,-72.2125,0.0
328,33.3241655,-70.3475,0.0
329,33.3241655,-68.48249999999999,0.0
330,34.116943166666665,-122.5675,0.0
331,34.116943166666665,-120.7025,0.0
332,34.116943166666665,-118.8375,1.0
333,34.116943166666665,-116.9725,63.0
334,34.116943166666665,-115.1075,11.0
335,34.116943166666665,-113.2425,8.0
336,34.116943166666665,-111.3775,6.0
337,34.116943166666665,-109.51249999999999,0.0
338,34.116943166666665,-107.64750000000001,3.0
339,34.116943166666665,-105.7825,3.0
340,34.116943166666665,-103.91749999999999,139.0
341,34.116943166666665,-102.05250000000001,51.0
342,34.116943166666665,-100.1875,4.0
343,34.116943166666665,-98.32249999999999,3.0
344,34.116943166666665,-96.45750000000001,5.0
345,34.116943166666665,-94.5925,1.0
346,34.116943166666665,-92.72749999999999,0.0
347,34.116943166666665,-90.86250000000001,0.0
348,34.116943166666665,-88.9975,2.0
349,34.116943166666665,-87.1325,5.0
350,34.116943166666665,-85.26750000000001,6.0
351,34.116943166666665,-83.4025,1.0
352,34.116943166666665,-81.5375,3.0
353,34.116943166666665,-79.6725,1.0
354,34.116943166666665,-77.8075,0.0
355,34.116943166666665,-75.9425,0.0
356,34.116943166666665,-74.0775,0.0
357,34.116943166666665,-72.2125,0.0
358,34.116943166666665,-70.3475,0.0
359,34.116943166666665,-68.48249999999999,0.0
360,34.90972083333333,-122.5675,0.0
361,34.90972083333333,-120.7025,0.0
362,34.90972083333333,-118.8375,5.0
363,34.90972083333333,-116.9725,101.0
364,34.90972083333333,-115.1075,23.0
365,34.90972083333333,-113.2425,5.0
366,34.90972083333333,-111.3775,5.0
367,34.90972083333333,-109.51249999999999,1.0
368,34.90972083333333,-107.64750000000001,8.0
369,34.90972083333333,-105.7825,4.0
370,34.90972083333333,-103.91749999999999,5.0
371,34.90972083333333,-102.05250000000001,34.0
372,34.90972083333333,-100.1875,6.0
373,34.90972083333333,-98.32249999999999,5.0
374,34.90972083333333,-96.45750000000001,0.0
375,34.90972083333333,-94.5925,2.0
376,34.90972083333333,-92.72749999999999,1.0
377,34.90972083333333,-90.86250000000001,1.0
378,34.90972083333333,-88.9975,1.0
379,34.90972083333333,-87.1325,3.0
380,34.90972083333333,-85.26750000000001,3.0
381,34.90972083333333,-83.4025,4.0
382,34.90972083333333,-81.5375,3.0
383,34.90972083333333,-79.6725,1.0
384,34.90972083333333,-77.8075,0.0
385,34.90972083333333,-75.9425,0.0
386,34.90972083333333,-74.0775,0.0
387,34.90972083333333,-72.2125,0.0
388,34.90972083333333,-70.3475,0.0
389,34.90972083333333,-68.48249999999999,0.0
390,35.7024985,-122.5675,0.0
391,35.7024985,-120.7025,0.0
392,35.7024985,-118.8375,2.0
393,35.7024985,-116.9725,16.0
394,35.7024985,-115.1075,26.0
395,35.7024985,-113.2425,23.0
396,35.7024985,-111.3775,0.0
397,35.7024985,-109.51249999999999,1.0
398,35.7024985,-107.64750000000001,0.0
399,35.7024985,-105.7825,1.0
400,35.7024985,-103.91749999999999,5.0
401,35.7024985,-102.05250000000001,10.0
402,35.7024985,-100.1875,4.0
403,35.7024985,-98.32249999999999,8.0
404,35.7024985,-96.45750000000001,1.0
405,35.7024985,-94.5925,2.0
406,35.7024985,-92.72749999999999,3.0
407,35.7024985,-90.86250000000001,4.0
408,35.7024985,-88.9975,0.0
409,35.7024985,-87.1325,1.0
410,35.7024985,-85.26750000000001,4.0
411,35.7024985,-83.4025,7.0
412,35.7024985,-81.5375,6.0
413,35.7024985,-79.6725,4.0
414,35.7024985,-77.8075,4.0
415,35.7024985,-75.9425,0.0
416,35.7024985,-74.0775,0.0
417,35.7024985,-72.2125,0.0
418,35.7024985,-70.3475,0.0
419,35.7024985,-68.48249999999999,0.0
420,36.49527616666667,-122.5675,0.0
421,36.49527616666667,-120.7025,0.0
422,36.49527616666667,-118.8375,0.0
423,36.49527616666667,-116.9725,12.0
424,36.49527616666667,-115.1075,2.0
425,36.49527616666667,-113.2425,0.0
426,36.49527616666667,-111.3775,0.0
427,36.49527616666667,-109.51249999999999,0.0
428,36.49527616666667,-107.64750000000001,1.0
429,36.49527616666667,-105.7825,3.0
430,36.49527616666667,-103.91749999999999,14.0
431,36.49527616666667,-102.05250000000001,9.0
432,36.49527616666667,-100.1875,5.0
433,36.49527616666667,-98.32249999999999,3.0
434,36.49527616666667,-96.45750000000001,3.0
435,36.49527616666667,-94.5925,1.0
436,36.49527616666667,-92.72749999999999,4.0
437,36.49527616666667,-90.86250000000001,1.0
438,36.49527616666667,-88.9975,2.0
439,36.49527616666667,-87.1325,4.0
440,36.49527616666667,-85.26750000000001,6.0
441,36.49527616666667,-83.4025,5.0
442,36.49527616666667,-81.5375,4.0
443,36.49527616666667,-79.6725,6.0
444,36.49527616666667,-77.8075,1.0
445,36.49527616666667,-75.9425,0.0
446,36.49527616666667,-74.0775,0.0
447,36.49527616666667,-72.2125,0.0
448,36.49527616666667,-70.3475,0.0
449,36.49527616666667,-68.48249999999999,0.0
450,37.288053833333336,-122.5675,0.0
451,37.288053833333336,-120.7025,0.0
452,37.288053833333336,-118.8375,1.0
453,37.288053833333336,-116.9725,3.0
454,37.288053833333336,-115.1075,1.0
455,37.288053833333336,-113.2425,1.0
456,37.288053833333336,-111.3775,0.0
457,37.288053833333336,-109.51249999999999,2.0
458,37.288053833333336,-107.64750000000001,1.0
459,37.288053833333336,-105.7825,6.0
460,37.288053833333336,-103.91749999999999,1.0
461,37.288053833333336,-102.05250000000001,17.0
462,37.288053833333336,-100.1875,4.0
463,37.288053833333336,-98.32249999999999,16.0
464,37.288053833333336,-96.45750000000001,5.0
465,37.288053833333336,-94.5925,0.0
466,37.288053833333336,-92.72749999999999,2.0
467,37.288053833333336,-90.86250000000001,0.0
468,37.288053833333336,-88.9975,3.0
469,37.288053833333336,-87.1325,1.0
470,37.288053833333336,-85.26750000000001,6.0
471,37.288053833333336,-83.4025,0.0
472,37.288053833333336,-81.5375,3.0
473,37.288053833333336,-79.6725,2.0
474,37.288053833333336,-77.8075,1.0
475,37.288053833333336,-75.9425,1.0
476,37.288053833333336,-74.0775,0.0
477,37.288053833333336,-72.2125,0.0
478,37.288053833333336,-70.3475,0.0
479,37.288053833333336,-68.48249999999999,0.0
480,38.0808315,-122.5675,0.0
481,38.0808315,-120.7025,1.0
482,38.0808315,-118.8375,1.0
483,38.0808315,-116.9725,2.0
484,38.0808315,-115.1075,3.0
485,38.0808315,-113.2425,0.0
486,38.0808315,-111.3775,0.0
487,38.0808315,-109.51249999999999,2.0
488,38.0808315,-107.64750000000001,1.0
489,38.0808315,-105.7825,4.0
490,38.0808315,-103.91749999999999,1.0
491,38.0808315,-102.05250000000001,7.0
492,38.0808315,-100.1875,8.0
493,38.0808315,-98.32249999999999,7.0
494,38.0808315,-96.45750000000001,3.0
495,38.0808315,-94.5925,3.0
496,38.0808315,-92.72749999999999,1.0
497,38.0808315,-90.86250000000001,2.0
498,38.0808315,-88.9975,2.0
499,38.0808315,-87.1325,0.0
500,38.0808315,-85.26750000000001,6.0
501,38.0808315,-83.4025,3.0
502,38.0808315,-81.5375,1.0
503,38.0808315,-79.6725,3.0
504,38.0808315,-77.8075,1.0
505,38.0808315,-75.9425,2.0
506,38.0808315,-74.0775,0.0
507,38.0808315,-72.2125,0.0
508,38.0808315,-70.3475,0.0
509,38.0808315,-68.48249999999999,0.0
510,38.87360916666667,-122.5675,0.0
511,38.87360916666667,-120.7025,2.0
512,38.87360916666667,-118.8375,0.0
513,38.87360916666667,-116.9725,0.0
514,38.87360916666667,-115.1075,1.0
515,38.87360916666667,-113.2425,7.0
516,38.87360916666667,-111.3775,1.0
517,38.87360916666667,-109.51249999999999,1.0
518,38.87360916666667,-107.64750000000001,1.0
519,38.87360916666667,-105.7825,3.0
520,38.87360916666667,-103.91749999999999,9.0
521,38.87360916666667,-102.05250000000001,7.0
522,38.87360916666667,-100.1875,15.0
523,38.87360916666667,-98.32249999999999,8.0
524,38.87360916666667,-96.45750000000001,5.0
525,38.87360916666667,-94.5925,8.0
526,38.87360916666667,-92.72749999999999,0.0
527,38.87360916666667,-90.86250000000001,2.0
528,38.87360916666667,-88.9975,1.0
529,38.87360916666667,-87.1325,0.0
530,38.87360916666667,-85.26750000000001,5.0
531,38.87360916666667,-83.4025,2.0
532,38.87360916666667,-81.5375,0.0
533,38.87360916666667,-79.6725,1.0
534,38.87360916666667,-77.8075,1.0
535,38.87360916666667,-75.9425,0.0
536,38.87360916666667,-74.0775,0.0
537,38.87360916666667,-72.2125,0.0
538,38.87360916666667,-70.3475,0.0
539,38.87360916666667,-68.48249999999999,0.0
540,39.666386833333334,-122.5675,0.0
541,39.666386833333334,-120.7025,1.0
542,39.666386833333334,-118.8375,1.0
543,39.666386833333334,-116.9725,21.0
544,39.666386833333334,-115.1075,2.0
545,39.666386833333334,-113.2425,2.0
546,39.666386833333334,-111.3775,0.0
547,39.666386833333334,-109.51249999999999,0.0
548,39.666386833333334,-107.64750000000001,1.0
549,39.666386833333334,-105.7825,6.0
550,39.666386833333334,-103.91749999999999,8.0
551,39.666386833333334,-102.05250000000001,13.0
552,39.666386833333334,-100.1875,27.0
553,39.666386833333334,-98.32249999999999,11.0
554,39.666386833333334,-96.45750000000001,5.0
555,39.666386833333334,-94.5925,3.0
556,39.666386833333334,-92.72749999999999,0.0
557,39.666386833333334,-90.86250000000001,1.0
558,39.666386833333334,-88.9975,0.0
559,39.666386833333334,-87.1325,0.0
560,39.666386833333334,-85.26750000000001,4.0
561,39.666386833333334,-83.4025,3.0
562,39.666386833333334,-81.5375,2.0
563,39.666386833333334,-79.6725,2.0
564,39.666386833333334,-77.8075,2.0
565,39.666386833333334,-75.9425,1.0
566,39.666386833333334,-74.0775,0.0
567,39.666386833333334,-72.2125,0.0
568,39.666386833333334,-70.3475,0.0
569,39.666386833333334,-68.48249999999999,0.0
570,40.4591645,-122.5675,0.0
571,40.4591645,-120.7025,0.0
572,40.4591645,-118.8375,23.0
573,40.4591645,-116.9725,1.0
574,40.4591645,-115.1075,3.0
575,40.4591645,-113.2425,0.0
576,40.4591645,-111.3775,2.0
577,40.4591645,-109.51249999999999,1.0
578,40.4591645,-107.64750000000001,0.0
579,40.4591645,-105.7825,2.0
580,40.4591645,-103.91749999999999,10.0
581,40.4591645,-102.05250000000001,8.0
582,40.4591645,-100.1875,9.0
583,40.4591645,-98.32249999999999,9.0
584,40.4591645,-96.45750000000001,2.0
585,40.4591645,-94.5925,2.0
586,40.4591645,-92.72749999999999,0.0
587,40.4591645,-90.86250000000001,2.0
588,40.4591645,-88.9975,1.0
589,40.4591645,-87.1325,2.0
590,40.4591645,-85.26750000000001,2.0
591,40.4591645,-83.4025,0.0
592,40.4591645,-81.5375,1.0
593,40.4591645,-79.6725,2.0
594,40.4591645,-77.8075,0.0
595,40.4591645,-75.9425,0.0
596,40.4591645,-74.0775,1.0
597,40.4591645,-72.2125,0.0
598,40.4591645,-70.3475,0.0
599,40.4591645,-68.48249999999999,0.0
600,41.251942166666666,-122.5675,2.0
601,41.251942166666666,-120.7025,0.0
602,41.251942166666666,-118.8375,8.0
603,41.251942166666666,-116.9725,0.0
604,41.251942166666666,-115.1075,0.0
605,41.251942166666666,-113.2425,0.0
606,41.251942166666666,-111.3775,1.0
607,41.251942166666666,-109.51249999999999,0.0
608,41.251942166666666,-107.64750000000001,0.0
609,41.251942166666666,-105.7825,1.0
610,41.251942166666666,-103.91749999999999,10.0
611,41.251942166666666,-102.05250000000001,4.0
612,41.251942166666666,-100.1875,2.0
613,41.251942166666666,-98.32249999999999,5.0
614,41.251942166666666,-96.45750000000001,3.0
615,41.251942166666666,-94.5925,0.0
616,41.251942166666666,-92.72749999999999,0.0
617,41.251942166666666,-90.86250000000001,1.0
618,41.251942166666666,-88.9975,1.0
619,41.251942166666666,-87.1325,5.0
620,41.251942166666666,-85.26750000000001,0.0
621,41.251942166666666,-83.4025,0.0
622,41.251942166666666,-81.5375,0.0
623,41.251942166666666,-79.6725,1.0
624,41.251942166666666,-77.8075,2.0
625,41.251942166666666,-75.9425,0.0
626,41.251942166666666,-74.0775,3.0
627,41.251942166666666,-72.2125,1.0
628,41.251942166666666,-70.3475,0.0
629,41.251942166666666,-68.48249999999999,0.0
630,42.04471983333333,-122.5675,1.0
631,42.04471983333333,-120.7025,2.0
632,42.04471983333333,-118.8375,0.0
633,42.04471983333333,-116.9725,0.0
634,42.04471983333333,-115.1075,0.0
635,42.04471983333333,-113.2425,1.0
636,42.04471983333333,-111.3775,1.0
637,42.04471983333333,-109.51249999999999,1.0
638,42.04471983333333,-107.64750000000001,0.0
639,42.04471983333333,-105.7825,0.0
640,42.04471983333333,-103.91749999999999,4.0
641,42.04471983333333,-102.05250000000001,1.0
642,42.04471983333333,-100.1875,0.0
643,42.04471983333333,-98.32249999999999,0.0
644,42.04471983333333,-96.45750000000001,1.0
645,42.04471983333333,-94.5925,0.0
646,42.04471983333333,-92.72749999999999,1.0
647,42.04471983333333,-90.86250000000001,3.0
648,42.04471983333333,-88.9975,1.0
649,42.04471983333333,-87.1325,1.0
650,42.04471983333333,-85.26750000000001,0.0
651,42.04471983333333,-83.4025,2.0
652,42.04471983333333,-81.5375,0.0
653,42.04471983333333,-79.6725,0.0
654,42.04471983333333,-77.8075,0.0
655,42.04471983333333,-75.9425,0.0
656,42.04471983333333,-74.0775,0.0
657,42.04471983333333,-72.2125,3.0
658,42.04471983333333,-70.3475,0.0
659,42.04471983333333,-68.48249999999999,0.0
660,42.8374975,-122.5675,1.0
661,42.8374975,-120.7025,0.0
662,42.8374975,-118.8375,0.0
663,42.8374975,-116.9725,0.0
664,42.8374975,-115.1075,1.0
665,42.8374975,-113.2425,0.0
666,42.8374975,-111.3775,0.0
667,42.8374975,-109.51249999999999,0.0
668,42.8374975,-107.64750000000001,1.0
669,42.8374975,-105.7825,0.0
670,42.8374975,-103.91749999999999,4.0
671,42.8374975,-102.05250000000001,1.0
672,42.8374975,-100.1875,3.0
673,42.8374975,-98.32249999999999,0.0
674,42.8374975,-96.45750000000001,1.0
675,42.8374975,-94.5925,0.0
676,42.8374975,-92.72749999999999,0.0
677,42.8374975,-90.86250000000001,2.0
678,42.8374975,-88.9975,1.0
679,42.8374975,-87.1325,0.0
680,42.8374975,-85.26750000000001,2.0
681,42.8374975,-83.4025,0.0
682,42.8374975,-81.5375,1.0
683,42.8374975,-79.6725,5.0
684,42.8374975,-77.8075,2.0
685,42.8374975,-75.9425,2.0
686,42.8374975,-74.0775,4.0
687,42.8374975,-72.2125,0.0
688,42.8374975,-70.3475,0.0
689,42.8374975,-68.48249999999999,0.0
690,43.630275166666664,-122.5675,0.0
691,43.630275166666664,-120.7025,0.0
692,43.630275166666664,-118.8375,0.0
693,43.630275166666664,-116.9725,2.0
694,43.630275166666664,-115.1075,0.0
695,43.630275166666664,-113.2425,0.0
696,43.630275166666664,-111.3775,0.0
697,43.630275166666664,-109.51249999999999,0.0
698,43.630275166666664,-107.64750000000001,1.0
699,43.630275166666664,-105.7825,0.0
700,43.630275166666664,-103.91749999999999,2.0
701,43.630275166666664,-102.05250000000001,1.0
702,43.630275166666664,-100.1875,1.0
703,43.630275166666664,-98.32249999999999,1.0
704,43.630275166666664,-96.45750000000001,2.0
705,43.630275166666664,-94.5925,2.0
706,43.630275166666664,-92.72749999999999,0.0
707,43.630275166666664,-90.86250000000001,1.0
708,43.630275166666664,-88.9975,3.0
709,43.630275166666664,-87.1325,0.0
710,43.630275166666664,-85.26750000000001,2.0
711,43.630275166666664,-83.4025,0.0
712,43.630275166666664,-81.5375,0.0
713,43.630275166666664,-79.6725,1.0
714,43.630275166666664,-77.8075,0.0
715,43.630275166666664,-75.9425,0.0
716,43.630275166666664,-74.0775,0.0
717,43.630275166666664,-72.2125,0.0
718,43.630275166666664,-70.3475,1.0
719,43.630275166666664,-68.48249999999999,0.0
720,44.42305283333333,-122.5675,0.0
721,44.42305283333333,-120.7025,0.0
722,44.42305283333333,-118.8375,0.0
723,44.42305283333333,-116.9725,0.0
724,44.42305283333333,-115.1075,0.0
725,44.42305283333333,-113.2425,0.0
726,44.42305283333333,-111.3775,0.0
727,44.42305283333333,-109.51249999999999,0.0
728,44.42305283333333,-107.64750000000001,1.0
729,44.42305283333333,-105.7825,0.0
730,44.42305283333333,-103.91749999999999,2.0
731,44.42305283333333,-102.05250000000001,0.0
732,44.42305283333333,-100.1875,1.0
733,44.42305283333333,-98.32249999999999,2.0
734,44.42305283333333,-96.45750000000001,1.0
735,44.42305283333333,-94.5925,1.0
736,44.42305283333333,-92.72749999999999,0.0
737,44.42305283333333,-90.86250000000001,0.0
738,44.42305283333333,-88.9975,3.0
739,44.42305283333333,-87.1325,1.0
740,44.42305283333333,-85.26750000000001,1.0
741,44.42305283333333,-83.4025,1.0
742,44.42305283333333,-81.5375,1.0
743,44.42305283333333,-79.6725,2.0
744,44.42305283333333,-77.8075,2.0
745,44.42305283333333,-75.9425,0.0
746,44.42305283333333,-74.0775,0.0
747,44.42305283333333,-72.2125,0.0
748,44.42305283333333,-70.3475,2.0
749,44.42305283333333,-68.48249999999999,2.0
750,45.215830499999996,-122.5675,3.0
751,45.215830499999996,-120.7025,0.0
752,45.215830499999996,-118.8375,1.0
753,45.215830499999996,-116.9725,1.0
754,45.215830499999996,-115.1075,0.0
755,45.215830499999996,-113.2425,1.0
756,45.215830499999996,-111.3775,1.0
757,45.215830499999996,-109.51249999999999,0.0
758,45.215830499999996,-107.64750000000001,0.0
759,45.215830499999996,-105.7825,0.0
760,45.215830499999996,-103.91749999999999,1.0
761,45.215830499999996,-102.05250000000001,1.0
762,45.215830499999996,-100.1875,1.0
763,45.215830499999996,-98.32249999999999,1.0
764,45.215830499999996,-96.45750000000001,0.0
765,45.215830499999996,-94.5925,0.0
766,45.215830499999996,-92.72749999999999,3.0
767,45.215830499999996,-90.86250000000001,1.0
768,45.215830499999996,-88.9975,0.0
769,45.215830499999996,-87.1325,0.0
770,45.215830499999996,-85.26750000000001,0.0
771,45.215830499999996,-83.4025,0.0
772,45.215830499999996,-81.5375,0.0
773,45.215830499999996,-79.6725,2.0
774,45.215830499999996,-77.8075,1.0
775,45.215830499999996,-75.9425,0.0
776,45.215830499999996,-74.0775,0.0
777,45.215830499999996,-72.2125,0.0
778,45.215830499999996,-70.3475,0.0
779,45.215830499999996,-68.48249999999999,0.0
780,46.00860816666666,-122.5675,0.0
781,46.00860816666666,-120.7025,0.0
782,46.00860816666666,-118.8375,0.0
783,46.00860816666666,-116.9725,0.0
784,46.00860816666666,-115.1075,0.0
785,46.00860816666666,-113.2425,0.0
786,46.00860816666666,-111.3775,1.0
787,46.00860816666666,-109.51249999999999,0.0
788,46.00860816666666,-107.64750000000001,0.0
789,46.00860816666666,-105.7825,0.0
790,46.00860816666666,-103.91749999999999,0.0
791,46.00860816666666,-102.05250000000001,3.0
792,46.00860816666666,-100.1875,0.0
793,46.00860816666666,-98.32249999999999,0.0
794,46.00860816666666,-96.45750000000001,0.0
795,46.00860816666666,-94.5925,0.0
796,46.00860816666666,-92.72749999999999,0.0
797,46.00860816666666,-90.86250000000001,0.0
798,46.00860816666666,-88.9975,1.0
799,46.00860816666666,-87.1325,0.0
800,46.00860816666666,-85.26750000000001,0.0
801,46.00860816666666,-83.4025,0.0
802,46.00860816666666,-81.5375,0.0
803,46.00860816666666,-79.6725,0.0
804,46.00860816666666,-77.8075,0.0
805,46.00860816666666,-75.9425,0.0
806,46.00860816666666,-74.0775,1.0
807,46.00860816666666,-72.2125,1.0
808,46.00860816666666,-70.3475,0.0
809,46.00860816666666,-68.48249999999999,1.0
810,46.80138583333333,-122.5675,0.0
811,46.80138583333333,-120.7025,0.0
812,46.80138583333333,-118.8375,0.0
813,46.80138583333333,-116.9725,2.0
814,46.80138583333333,-115.1075,0.0
815,46.80138583333333,-113.2425,1.0
816,46.80138583333333,-111.3775,0.0
817,46.80138583333333,-109.51249999999999,2.0
818,46.80138583333333,-107.64750000000001,1.0
819,46.80138583333333,-105.7825,0.0
820,46.80138583333333,-103.91749999999999,0.0
821,46.80138583333333,-102.05250000000001,1.0
822,46.80138583333333,-100.1875,0.0
823,46.80138583333333,-98.32249999999999,1.0
824,46.80138583333333,-96.45750000000001,0.0
825,46.80138583333333,-94.5925,0.0
826,46.80138583333333,-92.72749999999999,0.0
827,46.80138583333333,-90.86250000000001,0.0
828,46.80138583333333,-88.9975,0.0
829,46.80138583333333,-87.1325,0.0
830,46.80138583333333,-85.26750000000001,0.0
831,46.80138583333333,-83.4025,0.0
832,46.80138583333333,-81.5375,0.0
833,46.80138583333333,-79.6725,0.0
834,46.80138583333333,-77.8075,0.0
835,46.80138583333333,-75.9425,0.0
836,46.80138583333333,-74.0775,0.0
837,46.80138583333333,-72.2125,0.0
838,46.80138583333333,-70.3475,0.0
839,46.80138583333333,-68.48249999999999,0.0
840,47.59416349999999,-122.5675,1.0
841,47.59416349999999,-120.7025,2.0
842,47.59416349999999,-118.8375,0.0
843,47.59416349999999,-116.9725,0.0
844,47.59416349999999,-115.1075,0.0
845,47.59416349999999,-113.2425,0.0
846,47.59416349999999,-111.3775,0.0
847,47.59416349999999,-109.51249999999999,0.0
848,47.59416349999999,-107.64750000000001,0.0
849,47.59416349999999,-105.7825,0.0
850,47.59416349999999,-103.91749999999999,1.0
851,47.59416349999999,-102.05250000000001,0.0
852,47.59416349999999,-100.1875,0.0
853,47.59416349999999,-98.32249999999999,0.0
854,47.59416349999999,-96.45750000000001,2.0
855,47.59416349999999,-94.5925,1.0
856,47.59416349999999,-92.72749999999999,0.0
857,47.59416349999999,-90.86250000000001,0.0
858,47.59416349999999,-88.9975,0.0
859,47.59416349999999,-87.1325,0.0
860,47.59416349999999,-85.26750000000001,0.0
861,47.59416349999999,-83.4025,0.0
862,47.59416349999999,-81.5375,0.0
863,47.59416349999999,-79.6725,1.0
864,47.59416349999999,-77.8075,0.0
865,47.59416349999999,-75.9425,0.0
866,47.59416349999999,-74.0775,0.0
867,47.59416349999999,-72.2125,0.0
868,47.59416349999999,-70.3475,0.0
869,47.59416349999999,-68.48249999999999,0.0
870,48.38694116666666,-122.5675,0.0
871,48.38694116666666,-120.7025,0.0
872,48.38694116666666,-118.8375,0.0
873,48.38694116666666,-116.9725,0.0
874,48.38694116666666,-115.1075,0.0
875,48.38694116666666,-113.2425,0.0
876,48.38694116666666,-111.3775,0.0
877,48.38694116666666,-109.51249999999999,0.0
878,48.38694116666666,-107.64750000000001,0.0
879,48.38694116666666,-105.7825,0.0
880,48.38694116666666,-103.91749999999999,0.0
881,48.38694116666666,-102.05250000000001,0.0
882,48.38694116666666,-100.1875,0.0
883,48.38694116666666,-98.32249999999999,1.0
884,48.38694116666666,-96.45750000000001,4.0
885,48.38694116666666,-94.5925,0.0
886,48.38694116666666,-92.72749999999999,0.0
887,48.38694116666666,-90.86250000000001,0.0
888,48.38694116666666,-88.9975,0.0
889,48.38694116666666,-87.1325,0.0
890,48.38694116666666,-85.26750000000001,0.0
891,48.38694116666666,-83.4025,0.0
892,48.38694116666666,-81.5375,0.0
893,48.38694116666666,-79.6725,0.0
894,48.38694116666666,-77.8075,0.0
895,48.38694116666666,-75.9425,0.0
896,48.38694116666666,-74.0775,0.0
897,48.38694116666666,-72.2125,1.0
898,48.38694116666666,-70.3475,0.0
899,48.38694116666666,-68.48249999999999,0.0
